pipeline_id,cluster,request_received,original_start_date,request_type,client_priority,client,engagement_manager,likely_start_date,start_date_confirmed,number_of_weeks_raw,deal_stage,solution,priority,status,resources_requested_raw,pct_raw,skillset,sow_signed_raw,comments,canonical_role,allocation_pct,sow_signed,demand_bucket,duration_weeks,likely_end_date
PIPE_0001,3,17-02-2026,20-04-2026,New,Gold,Sigma,XYXY,06-07-2026,No,11,Scoping Approval,Value Creation,Medium,Not Resourced,P,25,,No,It isn't solidified yet but requires very specific skillsets. I have pre-emptively engaged with CoE leads and Cluster leads of the required personnel - from Chris,Principal,25.0,False,speculative,11.0,21-09-2026
PIPE_0002,3,,20-04-2026,,,,,06-07-2026,,,,,Medium,Not Resourced,SC,50,,No,,Solution Consultant,50.0,False,speculative,16.0,26-10-2026
PIPE_0003,3,,20-04-2026,,,,,06-07-2026,,,,,Medium,Not Resourced,C,100,,No,,Consultant,100.0,False,speculative,16.0,26-10-2026
PIPE_0004,3,,20-04-2026,,,,,06-07-2026,,,,,Medium,Not Resourced,Sr Sol Con,75/100,"PII handling, Scalable execution environments, Incremental loads & CDC",No,Extensive snowflake experience is required,Senior Solution Consultant,100.0,False,speculative,16.0,26-10-2026
PIPE_0005,3,,20-04-2026,,,,,06-07-2026,,,,,Medium,Not Resourced,SSE,100,"Data preparation for  decision making report, Anomaly detection, LTV (Life Time Value)",No,,Senior Software Engineer,100.0,False,speculative,16.0,26-10-2026
PIPE_0006,3,,20-04-2026,,,,,06-07-2026,,,,,Medium,Not Resourced,SE,100,"Industry Knowledge - Understanding of the specific industry or market, industry trends, challenges, and best practices., Communication Skills - Ability to present findings and insights to technical and non-technical stakeholders., Data Visualization Tools - Experience with BI tools like Tableau, Power BI, or QlikView.",No,,Software Engineer,100.0,False,speculative,16.0,26-10-2026
PIPE_0007,5,24-02-2026,20-04-2026,,Gold,Spidy,XYXY,06-07-2026,,,Signed,Due Diligence,Medium,Not Resourced,Enabler,12.5,"Pipeline design principles, Workspace, environment & compute management, Project scoping & planning",No,,Solutions Enabler,12.5,False,speculative,16.0,26-10-2026
PIPE_0008,5,,20-04-2026,,,,,06-07-2026,Yes,4,,,Medium,Not Resourced,Sol Con,50,"Programming Languages - Familiarity with scripting languages for automation., Problem-Solving Skills - Proficiency in identifying issues and developing solutions with creative thinking to approach problems from different angles., SQL Proficiency-Ability to write complex queries and optimize them for performance.",No,,Solution Consultant,50.0,False,speculative,4.0,03-08-2026
PIPE_0009,5,,20-04-2026,,,,,06-07-2026,,,,,Medium,Not Resourced,SE  ,100,"integrations, Network Security, Monitoring",No,,Software Engineer,100.0,False,speculative,16.0,26-10-2026
PIPE_0010,4,26-03-2026,20-04-2026,New,Other,FD,XYXY,06-07-2026,No,5,Build the Proposition,,High,Not Resourced,AP/P,37.5,,No,,Principal,37.5,False,speculative,5.0,10-08-2026
PIPE_0011,4,,20-04-2026,,,,,06-07-2026,,,,,High,Not Resourced,PA,25,,No,,Associate Partner,25.0,False,speculative,16.0,26-10-2026
PIPE_0012,4,,20-04-2026,,,,,06-07-2026,,,,,High,Not Resourced,SC (EM),50,,No,strong EM with Discovery & Design experience,Solution Consultant,50.0,False,speculative,16.0,26-10-2026
PIPE_0013,4,,20-04-2026,,,,,06-07-2026,,,,,High,Not Resourced,SAC,100,,No,strong SAC with Discovery & Design experience,Senior Associate Consultant,100.0,False,speculative,16.0,26-10-2026
PIPE_0014,4,,20-04-2026,,,,,06-07-2026,,,,Core Reporting,High,Not Resourced,SAC,100,,No,strong SAC with business process change experience - one SAC for the dashboard design and one SAC for business process change (an additional workstream that is not typically included in our D&D phase.,Senior Associate Consultant,100.0,False,speculative,16.0,26-10-2026
PIPE_0015,4,,20-04-2026,,,,,06-07-2026,,,,,High,Not Resourced,Sol Con,100,"GraphQL, JavaScript, API Security best practices",No,Discovery & Design experience,Solution Consultant,100.0,False,speculative,16.0,26-10-2026
PIPE_0016,4,,20-04-2026,,,,,06-07-2026,,,,,High,Not Resourced,Enabler ,100,"Kubernetes, security groups, Tracing",No,Discovery & Design experience,Solutions Enabler,100.0,False,speculative,16.0,26-10-2026
PIPE_0017,4,,20-04-2026,,,,,06-07-2026,,,,,High,Not Resourced,SSE,100,"Retry & exponential backoff logic, User-agent rotation, Audit logging for traceability",No,with data gap assessment or Discovery & Design experience (100%),Senior Software Engineer,100.0,False,speculative,16.0,26-10-2026
PIPE_0018,5,26-03-2026,20-04-2026,New,Gold,HD,XYXY,20-07-2026,No,5,Build the Proposition,Core Reporting,Low,Part Resourced,AP,12.5,,No,,Associate Partner,12.5,False,speculative,5.0,24-08-2026
PIPE_0019,5,,20-04-2026,,,,,20-07-2026,,,,,Low,Part Resourced,M,50,,No,,Manager,50.0,False,speculative,16.0,09-11-2026
PIPE_0020,5,,20-04-2026,,,,,20-07-2026,,,,,Low,Part Resourced,SC  ,50,,No,,Solution Consultant,50.0,False,speculative,16.0,09-11-2026
PIPE_0021,5,,20-04-2026,,,,,20-07-2026,,,,,Low,Part Resourced,SAC,100,,No,could we use AC?,Senior Associate Consultant,100.0,False,speculative,16.0,09-11-2026
PIPE_0022,5,,20-04-2026,,,,,20-07-2026,,,,,Low,Not Resourced,PA,25,,No,,Associate Partner,25.0,False,speculative,16.0,09-11-2026
PIPE_0023,5,,20-04-2026,,,,,20-07-2026,,,,,Low,Not Resourced,Sol Con,100,"Azure, Lakehouse & Warehouse Architecture patterns, Lakehouse & Warehouse Architecture patterns",No,,Solution Consultant,100.0,False,speculative,16.0,09-11-2026
PIPE_0024,3,24-02-2026,09-03-2026,New,Other,Alpha,XYXY,31-08-2026,No,3,,Exit Support,Low,Not Resourced,P,12.5,,Yes,,Principal,12.5,True,confirmed,3.0,21-09-2026
PIPE_0025,3,,09-03-2026,,,,,31-08-2026,,,,,Low,Not Resourced,PA,25,,Yes,,Associate Partner,25.0,True,confirmed,16.0,21-12-2026
PIPE_0026,3,,09-03-2026,,,,,31-08-2026,,,,,Low,Not Resourced,EM,50,,Yes,Already assigned to PureFin - has 50% available,Solution Consultant,50.0,True,confirmed,16.0,21-12-2026
PIPE_0027,3,,09-03-2026,,,,,31-08-2026,,,,,Low,Not Resourced,SAC,100,,Yes,,Senior Associate Consultant,100.0,True,confirmed,16.0,21-12-2026
PIPE_0028,3,,09-03-2026,,,,,31-08-2026,,,,,Low,Not Resourced,AC,100,,Yes,new hire ,Associate Consultant,100.0,True,confirmed,16.0,21-12-2026
PIPE_0029,3,,09-03-2026,,,,,31-08-2026,,,,,Low,Not Resourced,Sol Con,100,"Bicep, Policy as code, Network Security",Yes,,Solution Consultant,100.0,True,confirmed,16.0,21-12-2026
PIPE_0030,3,,09-03-2026,,,,,31-08-2026,,,,,Low,Not Resourced,SSE,100,"Tracing, security groups, REST APIs",Yes,,Senior Software Engineer,100.0,True,confirmed,16.0,21-12-2026
PIPE_0031,3,,18-05-2026,,Gold,Pappa Jones,,01-07-2026,,,Build the Proposition,,Low,Not Resourced,SAC,100,,No,,Senior Associate Consultant,100.0,False,speculative,16.0,21-10-2026
PIPE_0032,5,16-04-2026,18-05-2026,Next Phase,Gold,Mcd,,20-07-2026,No,7,Signed,Due Diligence,Low,Not Resourced,AC,100,,No,,Associate Consultant,100.0,False,speculative,7.0,07-09-2026
PIPE_0033,5,,18-05-2026,,Gold,,,20-07-2026,,,,,Low,Not Resourced,Enabler,100,"CI/CD Pipelines, Mobile-friendly architecture, Agile manifesto & principles",No,,Solutions Enabler,100.0,False,speculative,16.0,09-11-2026
PIPE_0034,5,,18-05-2026,,Gold,,,20-07-2026,,,,,Low,Not Resourced,SE ,100,"Business Acumen - Understanding of business processes and metrics to align BI solutions with business goals and strategies., Time Management - Strong organizational skills to manage multiple projects and priorities., Business Acumen - Understanding of business processes and metrics to align BI solutions with business goals and strategies.",No,,Software Engineer,100.0,False,speculative,16.0,09-11-2026
PIPE_0035,5,23-04-2026,18-05-2026,,Silver,Pepsi,,13-07-2026,No,16,,Exit Support,High,Not Resourced,SC,25,,No,,Solution Consultant,25.0,False,speculative,16.0,02-11-2026
PIPE_0036,5,,18-05-2026,,Silver,,,13-07-2026,,,,,High,Not Resourced,SAC,100,,No,,Senior Associate Consultant,100.0,False,speculative,16.0,02-11-2026
PIPE_0037,5,,18-05-2026,,Silver,,,13-07-2026,,,,,High,Not Resourced,PA,12.5,,No,,Associate Partner,12.5,False,speculative,16.0,02-11-2026
PIPE_0038,5,,18-05-2026,,Silver,,,13-07-2026,,,,,High,Not Resourced,Sol Con,50,"Dimensional, Lakehouse & Warehouse Architecture patterns, Snowflake with dbt",No,,Solution Consultant,50.0,False,speculative,16.0,02-11-2026
PIPE_0039,5,,18-05-2026,,Silver,,,13-07-2026,,,,,High,Not Resourced,Enabler,100,"Dimensional, AWS, Data observability",No,,Solutions Enabler,100.0,False,speculative,16.0,02-11-2026
PIPE_0040,5,,18-05-2026,,Silver,,,13-07-2026,,,,,High,Not Resourced,SSE,100,"MLflow, Multi-agent orchestration, EDA",No,,Senior Software Engineer,100.0,False,speculative,16.0,02-11-2026
PIPE_0041,5,,18-05-2026,,Silver,,,13-07-2026,,,,,High,Not Resourced,SE,100,"Logging, Policy as code, integrations",No,,Software Engineer,100.0,False,speculative,16.0,02-11-2026
PIPE_0042,5,,18-05-2026,,Silver,,,13-07-2026,,,,,High,Not Resourced,SE,12.5,"Nest, Docker, Redis",No,DevOps Engineer,Software Engineer,12.5,False,speculative,16.0,02-11-2026
PIPE_0043,2,06-05-2026,26-05-2026,Next Phase,Gold,Sempra,,13-07-2026,No,6,Propose & Negotiate,Value Creation,Low,Part Resourced ,P,12.5,,No,Data Scientist Engineer,Principal,12.5,False,speculative,6.0,24-08-2026
PIPE_0044,2,,26-05-2026,,Gold,,,13-07-2026,,,,,Low,Part Resourced ,EM,50,,No,Data Scientist Engineer,Solution Consultant,50.0,False,speculative,16.0,02-11-2026
PIPE_0045,2,,26-05-2026,,Gold,,,13-07-2026,,,,,Low,Not Resourced,SAC/AC,100,,No,SAC or Experienced AC has led workstreams independently,Associate Consultant,100.0,False,speculative,16.0,02-11-2026
PIPE_0046,2,,26-05-2026,,Gold,,,13-07-2026,,,,,Low,Not Resourced,PA,25,,No,(all - or as much as possible - Data Science & ML CoE,Associate Partner,25.0,False,speculative,16.0,02-11-2026
PIPE_0047,2,,26-05-2026,,Gold,,,13-07-2026,,,,,Low,Not Resourced,Enabler,100,"Time Management - Strong organizational skills to manage multiple projects and priorities., SQL Proficiency-Ability to write complex queries and optimize them for performance., Business Acumen - Understanding of business operations and financial principles.",No,(all - or as much as possible - Data Science & ML CoE,Solutions Enabler,100.0,False,speculative,16.0,02-11-2026
PIPE_0048,2,,26-05-2026,,Gold,,,13-07-2026,,,,,Low,Not Resourced,SSE,100,"Prompt templates and reusable prompts, Survival Analysis (CPH), Pandas, Numpy",No,(all - or as much as possible - Data Science & ML CoE,Senior Software Engineer,100.0,False,speculative,16.0,02-11-2026
PIPE_0049,2,,26-05-2026,,Gold,,,13-07-2026,,,,,Low,Part Resourced ,SSE,100,"Multi-agent orchestration, Amazon S3, Chroma",No,Free of charge (will be covered by Navya as part of utilisation workstream) ,Senior Software Engineer,100.0,False,speculative,16.0,02-11-2026
PIPE_0050,2,,26-05-2026,,Gold,,,13-07-2026,,,,,Low,Not Resourced,SE,100,"Technical Skills - Familiarity with relevant tools and technologies specific to the consulting field.

Proficiency in data analysis software, project management tools, or CRM systems., Understanding of how to handle large volumes of data. - Handelling large data volumes, Technical Skills - Familiarity with relevant tools and technologies specific to the consulting field.

Proficiency in data analysis software, project management tools, or CRM systems.",No,(all - or as much as possible - Data Science & ML CoE,Software Engineer,100.0,False,speculative,16.0,02-11-2026
PIPE_0051,4,08-05-2026,01-06-2026,New Request,Bronze,Tata,,06-07-2026,No*,4,Build the Proposition,Due Diligence,Medium,Not Resourced,AP,12.5,,No,,Associate Partner,12.5,False,speculative,4.0,03-08-2026
PIPE_0052,4,,01-06-2026,,Bronze,,,06-07-2026,,,,,Medium,Not Resourced,P,37.5,,No,,Principal,37.5,False,speculative,16.0,26-10-2026
PIPE_0053,4,,01-06-2026,,Bronze,,,06-07-2026,,,,,Medium,Not Resourced,C,50,,No,"strong commercial sense, client engagement, engagement management",Consultant,50.0,False,speculative,16.0,26-10-2026
PIPE_0054,4,,01-06-2026,,Bronze,,,06-07-2026,,,,,Medium,Not Resourced,AC,100,,No,"strong commercial sense, problem solving, slide writing, client engagement",Associate Consultant,100.0,False,speculative,16.0,26-10-2026
PIPE_0055,4,,01-06-2026,,Bronze,,,06-07-2026,,,,,Medium,Not Resourced,PA,37.5,,No,,Associate Partner,37.5,False,speculative,16.0,26-10-2026
PIPE_0056,4,,01-06-2026,,Bronze,,,06-07-2026,,,,,Medium,Not Resourced,SE,100,"Vertex AI, AutoGen, Amazon SageMaker",No,experience with data gap assessment and data due diligence preferred,Software Engineer,100.0,False,speculative,16.0,26-10-2026
PIPE_0057,5,14-05-2026,01-06-2026,New Request,Other,Kawasaki,,22-06-2026,No,8,Build the Proposition,Core Reporting,Complete,Resourced,P,12.5,,No,,Principal,12.5,False,speculative,8.0,17-08-2026
PIPE_0058,5,14-05-2026,01-06-2026,,Other,,,22-06-2026,,,,,Complete,Resourced,PA,12.5,,No,,Associate Partner,12.5,False,speculative,16.0,12-10-2026
PIPE_0059,5,14-05-2026,01-06-2026,,Other,,,22-06-2026,,,,,Urgent,Not Resourced,SC,50,,No,,Solution Consultant,50.0,False,speculative,16.0,12-10-2026
PIPE_0060,5,14-05-2026,01-06-2026,,Other,,,22-06-2026,,,,,Urgent,Not Resourced,SAC,100,,No,Safa elsewhere,Senior Associate Consultant,100.0,False,speculative,16.0,12-10-2026
PIPE_0061,5,14-05-2026,01-06-2026,,Other,,,29-06-2026,,,,,Urgent,Not Resourced,Enabler,100,"Data Governance and Security - data governance & security principles and best practices., SQL Proficiency-Ability to write complex queries and optimize them for performance., Time Management - Strong organizational skills to manage multiple projects and priorities.",No,Snowflake experience ,Solutions Enabler,100.0,False,speculative,16.0,19-10-2026
PIPE_0062,5,14-05-2026,01-06-2026,,Other,,,29-06-2026,,,,,Urgent,Not Resourced,SSE,100,"Antigravity, ShadCN, Next.JS",No,,Senior Software Engineer,100.0,False,speculative,16.0,19-10-2026
PIPE_0063,5,14-05-2026,01-06-2026,,Other,,,29-06-2026,,,,,Urgent,Not Resourced,SE,100,"Redis, Tailwind, Webassembly basics",No,,Software Engineer,100.0,False,speculative,16.0,19-10-2026
PIPE_0064,2,15-05-2026,01-06-2026,New Request,Other,Honda,,29-06-2026,,,,,High,Not Resourced,SSE  ,100,"Workspace, environment & compute management, Version control (Git), Source Vs target reconciliation",No,,Senior Software Engineer,100.0,False,speculative,16.0,19-10-2026
PIPE_0065,5,15-05-2026,25-05-2026,Next Phase,Silver,KTM,,22-06-2026,Yes,12,,Core Reporting,Urgent,Part Resourced ,P,50,,No,,Principal,50.0,False,speculative,12.0,14-09-2026
PIPE_0066,5,15-05-2026,25-05-2026,,Silver,,,22-06-2026,,,,Exit Support,Urgent,Not Resourced,C ,50,,No,,Consultant,50.0,False,speculative,16.0,12-10-2026
PIPE_0067,5,15-05-2026,25-05-2026,,Silver,,,22-06-2026,,,,,Urgent,Not Resourced,PA,25,,No,,Associate Partner,25.0,False,speculative,16.0,12-10-2026
PIPE_0068,5,15-05-2026,25-05-2026,,Silver,,,22-06-2026,,,,,Urgent,Not Resourced,SAC or AC,100,,No,Preferences for Power BI + Customer Tool experience - strong end to end build phase experience ,Associate Consultant,100.0,False,speculative,16.0,12-10-2026
PIPE_0069,5,15-05-2026,25-05-2026,,Silver,,,22-06-2026,,,,,Urgent,Not Resourced,Sol Con,100,"Logging, Kubernetes, Bicep",No,Fabric front end and power Bi,Solution Consultant,100.0,False,speculative,16.0,12-10-2026
PIPE_0070,5,15-05-2026,25-05-2026,,Silver,,,22-06-2026,,,,,Urgent,Not Resourced,SSE  ,100,"Google Stitch, Kubernets, Agile manifesto & principles",No,,Senior Software Engineer,100.0,False,speculative,16.0,12-10-2026
PIPE_0071,5,15-05-2026,25-05-2026,,Silver,,,22-06-2026,,,,,Urgent,Not Resourced,SE,100,"Indexing basics, Dashboard troubleshooting, Rate limiting & throttling strategies",No,strong Senior Software Engineer with end to end build experience- Fabric,Software Engineer,100.0,False,speculative,16.0,12-10-2026
PIPE_0072,5,26-03-2026,27-04-2026,New,Gold,KIA,,22-06-2026,No,5,SOW with Customer,,Urgent,Resourced,AP,12.5,,Yes,,Associate Partner,12.5,True,confirmed,5.0,27-07-2026
PIPE_0073,5,26-03-2026,27-04-2026,,Gold,,,22-06-2026,,,,,Urgent,Resourced,M,50,,Yes,,Manager,50.0,True,confirmed,16.0,12-10-2026
PIPE_0074,5,26-03-2026,27-04-2026,,Gold,,,22-06-2026,,,,,Urgent,Resourced,C,100,,Yes,,Consultant,100.0,True,confirmed,16.0,12-10-2026
PIPE_0075,5,26-03-2026,27-04-2026,,Gold,,,22-06-2026,,,,,Urgent,Not Resourced,PA,25,,Yes,,Associate Partner,25.0,True,confirmed,16.0,12-10-2026
PIPE_0076,5,26-03-2026,27-04-2026,,Gold,,,22-06-2026,,,,,Urgent,Not Resourced,Sol Con,100,"SAST & DAST, integrations, VPCs",Yes,Sol Con 100 or Sol Con 50 + SE 100,Solution Consultant,100.0,True,confirmed,16.0,12-10-2026
PIPE_0077,5,26-03-2026,27-04-2026,,Gold,,,22-06-2026,,,,,Urgent,Not Resourced,SE,100,"Understanding of how to handle large volumes of data. - Handelling large data volumes, Project Management - Skills in planning, executing, and managing projects to meet deadlines and manage resources effectively., Time Management - Strong organizational skills to manage multiple projects and priorities.",Yes,,Software Engineer,100.0,True,confirmed,16.0,12-10-2026
PIPE_0078,5,20-05-2026,31-08-2026,,Bronze,Hyundai,,31-08-2026,Yes,,Deal Won ,,High,Not Resourced,P,12.5,,Yes,,Principal,12.5,True,confirmed,16.0,21-12-2026
PIPE_0079,5,20-05-2026,31-08-2026,,Bronze,,,31-08-2026,,,,,High,Not Resourced,M,12.5,,Yes,,Manager,12.5,True,confirmed,16.0,21-12-2026
PIPE_0080,5,20-05-2026,31-08-2026,,Bronze,,,31-08-2026,,8,,,High,Not Resourced,Snr Sol Con,50,"Logging, Kubernetes, Bicep",Yes,,Senior Solution Consultant,50.0,True,confirmed,8.0,26-10-2026
PIPE_0081,5,20-05-2026,31-08-2026,,Bronze,,,31-08-2026,,,,,High,Not Resourced,Enabler,100,"Industry Knowledge - Understanding of the specific industry or market, industry trends, challenges, and best practices., Industry Knowledge - Understanding of the specific industry or market, industry trends, challenges, and best practices., Understanding of how to handle large volumes of data. - Handelling large data volumes",Yes,,Solutions Enabler,100.0,True,confirmed,16.0,21-12-2026
PIPE_0082,5,20-05-2026,31-08-2026,,Bronze,,,31-08-2026,,,,,High,Not Resourced,SSE,100,"Matplotlib and pandas, Data privacy tools, Model serving",Yes,,Senior Software Engineer,100.0,True,confirmed,16.0,21-12-2026
PIPE_0083,3,23-05-2026,08-06-2026,New Request,Bronze,BMW,,06-07-2026,No,4,SOW Pending Signature,Data Advisory,Low,Not Resourced,P,12.5,,No,,Principal,12.5,False,speculative,4.0,03-08-2026
PIPE_0084,3,23-05-2026,08-06-2026,,Bronze,,,06-07-2026,,,,,Low,Not Resourced,SC,50,,No,,Solution Consultant,50.0,False,speculative,16.0,26-10-2026
PIPE_0085,3,23-05-2026,08-06-2026,,Bronze,,,06-07-2026,,,,,Low,Not Resourced,AC,100,,No,,Associate Consultant,100.0,False,speculative,16.0,26-10-2026
PIPE_0086,3,23-05-2026,08-06-2026,,Bronze,,,06-07-2026,,,,,Low,Not Resourced,PA,25,,No,,Associate Partner,25.0,False,speculative,16.0,26-10-2026
PIPE_0087,3,23-05-2026,08-06-2026,,Bronze,,,06-07-2026,,,,,Low,Not Resourced,Sol Con,100,"Docker, Next.JS, Edge functions",No,Check Ajeeth's leave to make sure this will work,Solution Consultant,100.0,False,speculative,16.0,26-10-2026
PIPE_0088,3,23-05-2026,08-06-2026,,Bronze,,,06-07-2026,,,,,Low,Not Resourced,SSE,100,"Pinecone, Mlib, Evaluation & Monitoring- LangSmith",No,,Senior Software Engineer,100.0,False,speculative,16.0,26-10-2026
PIPE_0089,3,23-05-2026,08-06-2026,,Bronze,,,06-07-2026,,,,,Low,Not Resourced,SSE,100,"Technical Skills - Familiarity with relevant tools and technologies specific to the consulting field.

Proficiency in data analysis software, project management tools, or CRM systems., Understanding of how to handle large volumes of data. - Handelling large data volumes, Business Acumen - Understanding of business processes and metrics to align BI solutions with business goals and strategies.",No,,Senior Software Engineer,100.0,False,speculative,16.0,26-10-2026
PIPE_0090,3,23-05-2026,08-06-2026,New Request,Bronze,Triumph,,22-06-2026,Yes,2,Propose & Negotiate,Data Advisory,Urgent,Resourced,SC,12.5,,No,EM across DSN,Solution Consultant,12.5,False,speculative,2.0,06-07-2026
PIPE_0091,3,23-05-2026,08-06-2026,,Bronze,,,22-06-2026,,,,,Urgent,Not Resourced,SSE  ,100,"Logging & alerting, Multi-job execution control, JSON / API extraction",No,Data engineering,Senior Software Engineer,100.0,False,speculative,16.0,12-10-2026
PIPE_0092,3,23-05-2026,08-06-2026,,Bronze,,,22-06-2026,,,,,Urgent,Not Resourced,SSE  ,100,"Branching, OAuth 2.0, Express.JS",No,Ai ,Senior Software Engineer,100.0,False,speculative,16.0,12-10-2026
PIPE_0093,3,23-05-2026,08-06-2026,,Bronze,,,22-06-2026,,,,,Urgent,Not Resourced,SE  ,100,"SCD basics, Playwright & Selenium, Scrapy",No,Updating to SE based on current consultant availability - 3 June ,Software Engineer,100.0,False,speculative,16.0,12-10-2026
PIPE_0094,3,23-05-2026,08-06-2026,,Bronze,,,22-06-2026,,,,,Urgent,Not Resourced,SE  ,100,"Proxy configuration, Change detection, Audit logging for traceability",No,Updating to SE based on current consultant availability - 3 June ,Software Engineer,100.0,False,speculative,16.0,12-10-2026
PIPE_0095,3,23-05-2026,08-06-2026,New Request,Bronze,Yamaha,,06-07-2026,Yes,9,Opportunity Inception,Core Reporting,Low,Resourced,SC,12.5,,No,EM across DSN,Solution Consultant,12.5,False,speculative,9.0,07-09-2026
PIPE_0096,3,23-05-2026,08-06-2026,,Bronze,,,06-07-2026,,,,,Low,Not Resourced,C,100,,No,,Consultant,100.0,False,speculative,16.0,26-10-2026
PIPE_0097,3,23-05-2026,08-06-2026,,Bronze,,,06-07-2026,,,,,Low,Not Resourced,SE,100,"Data Warehousing- Understanding of data warehousing concepts and architecture., Programming Languages - Familiarity with scripting languages for automation., Communication Skills - Ability to present findings and insights to technical and non-technical stakeholders.",No,Platform Engineer,Software Engineer,100.0,False,speculative,16.0,26-10-2026
PIPE_0098,3,23-05-2026,08-06-2026,,Bronze,,,06-07-2026,,,,,Low,Not Resourced,SSE  ,100,"Data Modelling - Skills in designing and implementing data models., Industry Knowledge - Understanding of the specific industry or market, industry trends, challenges, and best practices., Industry Knowledge - Understanding of the specific industry or market, industry trends, challenges, and best practices.",No,From D&D phase,Senior Software Engineer,100.0,False,speculative,16.0,26-10-2026
PIPE_0099,3,23-05-2026,08-06-2026,,Bronze,,,06-07-2026,,,,,Low,Not Resourced,SSE  ,100,"Kubeflow, AI Document Processing Platforms - AWS Textract, ML Flow",No,From D&D phase,Senior Software Engineer,100.0,False,speculative,16.0,26-10-2026
PIPE_0100,3,23-05-2026,08-06-2026,,Bronze,,,06-07-2026,,,,,Low,Not Resourced,SE  ,100,"security groups, Network Security, SAST & DAST",No,From D&D phase,Software Engineer,100.0,False,speculative,16.0,26-10-2026
PIPE_0101,3,23-05-2026,08-06-2026,,Bronze,,,06-07-2026,,,,,Low,Not Resourced,SE  ,100,"Programming Languages - Familiarity with scripting languages for automation., Business Acumen - Understanding of business processes and metrics to align BI solutions with business goals and strategies., Data Warehousing- Understanding of data warehousing concepts and architecture.",No,From D&D phase,Software Engineer,100.0,False,speculative,16.0,26-10-2026
PIPE_0102,1,,08-06-2026,,,Lexus,,08-06-2026,,,,,Urgent,Not Resourced,SE,100,"LlamaIndex, Survival Analysis (CPH), ML Flow",No,,Software Engineer,100.0,False,speculative,16.0,28-09-2026
PIPE_0103,2,02-06-2026,08-06-2026,New Request,Gold,BYD,,29-06-2026,No,4,SOW Pending Signature,Value Creation,High,Not Resourced,P,50,,No,,Principal,50.0,False,speculative,4.0,27-07-2026
PIPE_0104,2,02-06-2026,08-06-2026,,Gold,,,29-06-2026,,,,,High,Not Resourced,SC (EM),50,,No," tbd in cluster, likely best fit is Ethan Francis",Solution Consultant,50.0,False,speculative,16.0,19-10-2026
PIPE_0105,2,02-06-2026,08-06-2026,,Gold,,,29-06-2026,,,,,High,Not Resourced,C  ,100,,No,potentially timing would work with Freddie Merret coming off HKA,Consultant,100.0,False,speculative,16.0,19-10-2026
PIPE_0106,2,,08-06-2026,,,,,29-06-2026,,,,,High,Not Resourced,SC  ,50,,No,,Solution Consultant,50.0,False,speculative,16.0,19-10-2026
PIPE_0107,2,02-06-2026,08-06-2026,,Gold,,,29-06-2026,,,,,High,Not Resourced,SSE,100,"Pipeline design principles, Workspace, environment & compute management, Project scoping & planning",No,Data Scientist Engineer,Senior Software Engineer,100.0,False,speculative,16.0,19-10-2026
PIPE_0108,2,02-06-2026,08-06-2026,,Gold,,,29-06-2026,,,,,High,Not Resourced,SSE,100,"Programming Languages - Familiarity with scripting languages for automation., Problem-Solving Skills - Proficiency in identifying issues and developing solutions with creative thinking to approach problems from different angles., SQL Proficiency-Ability to write complex queries and optimize them for performance.",No,Data Scientist Engineer,Senior Software Engineer,100.0,False,speculative,16.0,19-10-2026
PIPE_0109,4,03-06-2026,08-06-2026,,,Toyata,,15-06-2026,,,Replacement,,Urgent,Not Resourced,SC or C - EM,50,,No,,Solution Consultant,50.0,False,speculative,16.0,05-10-2026
PIPE_0110,4,03-06-2026,08-06-2026,,Gold,Chevy,,15-06-2026,No ,Build the Proposition,Build the Proposition,Core Reporting,Complete,Resourced,AP,12.5,,No,,Associate Partner,12.5,False,speculative,16.0,05-10-2026
PIPE_0111,4,03-06-2026,08-06-2026,,Gold,,,15-06-2026,,,,,Complete,Resourced,PA  ,12.5,,No,,Associate Partner,12.5,False,speculative,16.0,05-10-2026
PIPE_0112,4,03-06-2026,08-06-2026,,Gold,,,15-06-2026,,,,,Complete,Resourced,M,50,,No,,Manager,50.0,False,speculative,16.0,05-10-2026
PIPE_0113,4,03-06-2026,08-06-2026,,Gold,,,15-06-2026,,,,,Complete,Resourced,SAC,100,,No,,Senior Associate Consultant,100.0,False,speculative,16.0,05-10-2026
PIPE_0114,4,03-06-2026,08-06-2026,,Gold,,,15-06-2026,,,,,Complete,Resourced,Sol Con  ,50,"Project Management - Skills in planning, executing, and managing projects to meet deadlines and manage resources effectively., Adaptability - Flexibility to adapt to changing client needs and environments., Project Management - Skills in planning, executing, and managing projects to meet deadlines and manage resources effectively.",No,,Solution Consultant,50.0,False,speculative,16.0,05-10-2026
PIPE_0115,4,03-06-2026,08-06-2026,,Gold,,,15-06-2026,,,,,Complete,Resourced,Enabler  ,100,"GraphQL, JavaScript, API Security best practices",No,,Solutions Enabler,100.0,False,speculative,16.0,05-10-2026
PIPE_0116,4,03-06-2026,08-06-2026,,Gold,,,15-06-2026,,,,,Urgent,Not Resourced,SSE,100,"Kubernetes, security groups, Tracing",No,,Senior Software Engineer,100.0,False,speculative,16.0,05-10-2026
PIPE_0117,3,04-06-2026,13-07-2026,,Bronze,RE,,13-07-2026,,,,,Low,Not Resourced,EM,50,,No,,Solution Consultant,50.0,False,speculative,16.0,02-11-2026
PIPE_0118,3,04-06-2026,13-07-2026,,Bronze,,,13-07-2026,,,,,Low,Not Resourced,SAC or AC,100,,No,,Associate Consultant,100.0,False,speculative,16.0,02-11-2026
PIPE_0119,3,04-06-2026,13-07-2026,Next phase,Bronze,,,13-07-2026,,,Make it Real,,Low,Not Resourced,Enabler,100,"Multi-job execution control, Rate limiting & throttling strategies, Browser automation",No,,Solutions Enabler,100.0,False,speculative,16.0,02-11-2026
PIPE_0120,3,04-06-2026,13-07-2026,,Bronze,,,13-07-2026,,,,,Low,Not Resourced,SE,100,"RBAC / RLD & PII handling, GCP, Snowflake with dbt",No,,Software Engineer,100.0,False,speculative,16.0,02-11-2026
PIPE_0121,3,04-06-2026,13-07-2026,,Bronze,,,13-07-2026,,,,,Low,Not Resourced,SE,100,"Branching, ShadCN, Commits, diffs and history",No,,Software Engineer,100.0,False,speculative,16.0,02-11-2026
PIPE_0122,3,04-06-2026,13-07-2026,,Bronze,,,13-07-2026,,,,,Low,Not Resourced,SE,100,"RBAC / RLD & PII handling, Security by-design, Data Quality checks & Validation",No,,Software Engineer,100.0,False,speculative,16.0,02-11-2026
PIPE_0123,3,09-06-2026,22-06-2026,,Gold,Porsche,,22-06-2026,,,Build the Proposition,,Complete,Resourced,P ,12.5,,No,,Principal,12.5,False,speculative,16.0,12-10-2026
PIPE_0124,3,09-06-2026,22-06-2026,,Gold,,,22-06-2026,,,,,Complete,Resourced,M,50,,No,,Manager,50.0,False,speculative,16.0,12-10-2026
PIPE_0125,3,09-06-2026,22-06-2026,,Gold,,,22-06-2026,,,,,Complete,Resourced,AC,100,,No,,Associate Consultant,100.0,False,speculative,16.0,12-10-2026
PIPE_0126,3,09-06-2026,22-06-2026,,Gold,,,22-06-2026,No ,,,,Complete,Resourced,Sol Con,100,"Context orchestration across workflows, Distribution and Statistical messres, AWS Lambda",No,,Solution Consultant,100.0,False,speculative,16.0,12-10-2026
PIPE_0127,3,09-06-2026,22-06-2026,Next phase,Gold,,,22-06-2026,,,,,Complete,Resourced,Enabler,100,"Technical Skills - Familiarity with relevant tools and technologies specific to the consulting field.

Proficiency in data analysis software, project management tools, or CRM systems., Data Modelling - Skills in designing and implementing data models., Analytical Skills - Strong analytical and problem-solving skills to interpret complex data sets and derive actionable insights.",No,,Solutions Enabler,100.0,False,speculative,16.0,12-10-2026
PIPE_0128,3,09-06-2026,22-06-2026,,Gold,,,22-06-2026,,,,,Complete,Resourced,SSE  ,100,"Monitoring, Logging, Tracing",No,,Senior Software Engineer,100.0,False,speculative,16.0,12-10-2026
PIPE_0129,3,09-06-2026,22-06-2026,,Gold,,,22-06-2026,,,,,Complete,Resourced,AC (UK),100,,No,ideally someone with PowerBI and client facing experience,Associate Consultant,100.0,False,speculative,16.0,12-10-2026
PIPE_0130,3,09-06-2026,22-06-2026,,Gold,,,22-06-2026,,,,,Complete,Resourced,PA,12.5,,No,,Associate Partner,12.5,False,speculative,16.0,12-10-2026
PIPE_0131,3,09-06-2026,22-06-2026,,Gold,,,22-06-2026,,,,,Complete,Resourced,Enabler,100,"Business Acumen - Understanding of business processes and metrics to align BI solutions with business goals and strategies., Data Visualization Tools - Experience with BI tools like Tableau, Power BI, or QlikView., Data Visualization Tools - Experience with BI tools like Tableau, Power BI, or QlikView.",No,,Solutions Enabler,100.0,False,speculative,16.0,12-10-2026
PIPE_0132,3,09-06-2026,22-06-2026,,Gold,,,22-06-2026,,,,,Urgent,Not Resourced,SSE  ,100,"Data observability, Layering & SCD implementations, Python",No,,Senior Software Engineer,100.0,False,speculative,16.0,12-10-2026
PIPE_0133,1,10-06-2026,06-07-2026,,Other,Mini,,06-07-2026,No ,5,Propose & Negotiate,Data Advisory,Medium,Not Resourced,AP,12.5,,No,,Associate Partner,12.5,False,speculative,5.0,10-08-2026
PIPE_0134,1,10-06-2026,06-07-2026,,Other,,,06-07-2026,,,,,Medium,Not Resourced,M,50,,No,,Manager,50.0,False,speculative,16.0,26-10-2026
PIPE_0135,1,10-06-2026,06-07-2026,New Request,Other,,,06-07-2026,,,,,Medium,Not Resourced,C,100,,No,,Consultant,100.0,False,speculative,16.0,26-10-2026
PIPE_0136,1,10-06-2026,06-07-2026,,Other,,,06-07-2026,,,,,Medium,Not Resourced,PA,25,,No,,Associate Partner,25.0,False,speculative,16.0,26-10-2026
PIPE_0137,1,10-06-2026,06-07-2026,,Other,,,06-07-2026,,,,,Medium,Not Resourced,Sol Con,75,"Data Visualization Tools - Experience with BI tools like Tableau, Power BI, or QlikView., Data Visualization Tools - Experience with BI tools like Tableau, Power BI, or QlikView., Analytical Skills - Strong analytical and problem-solving skills to interpret complex data sets and derive actionable insights.",No,,Solution Consultant,75.0,False,speculative,16.0,26-10-2026
PIPE_0138,1,10-06-2026,06-07-2026,,Other,,,06-07-2026,,,,,Medium,Not Resourced,SSE,100,"Dimensional, Lakehouse & Warehouse Architecture patterns, Snowflake with dbt",No,,Senior Software Engineer,100.0,False,speculative,16.0,26-10-2026
PIPE_0139,4,10-06-2026,08-06-2026,,Silver,Mercedes,,15-06-2026,,,Build the Proposition,,Complete,Resourced,P,12.5,,No,,Principal,12.5,False,speculative,16.0,05-10-2026
PIPE_0140,4,10-06-2026,08-06-2026,,Silver,,,15-06-2026,,,,,Complete,Resourced,M,25,,No,,Manager,25.0,False,speculative,16.0,05-10-2026
PIPE_0141,4,10-06-2026,08-06-2026,,Silver,,,15-06-2026,,,,,Complete,Resourced,C,50,,No,,Consultant,50.0,False,speculative,16.0,05-10-2026
PIPE_0142,4,10-06-2026,08-06-2026,,Silver,,,15-06-2026,,,,,Complete,Resourced,AC,100,,No,,Associate Consultant,100.0,False,speculative,16.0,05-10-2026
PIPE_0143,4,10-06-2026,08-06-2026,,Silver,,,15-06-2026,,,,,Complete,Resourced,SSE ,100,"Data Modelling - Skills in designing and implementing data models., Data Modelling - Skills in designing and implementing data models., Adaptability - Flexibility to adapt to changing client needs and environments.",No,,Senior Software Engineer,100.0,False,speculative,16.0,05-10-2026
PIPE_0144,4,10-06-2026,08-06-2026,,Silver,,,15-06-2026,Yes,,,,Urgent,Not Resourced,Enabler,100,"Workspace, environment & compute management, Logging, auditing & Lineage, SQL",No,Enabler or equivalent Snr Engineer - 100% - Fabric experience required - Strong enabler with fabric experience required to support Saurabh in the SC role,Solutions Enabler,100.0,False,speculative,16.0,05-10-2026
PIPE_0145,4,10-06-2026,08-06-2026,,Silver,,,15-06-2026,,,,,Complete,Resourced,PA  ,25,,No,"for the first 6w to support architecture decision-making, decreasing to 12.5% after this ",Associate Partner,25.0,False,speculative,16.0,05-10-2026
PIPE_0146,4,10-06-2026,08-06-2026,,Silver,,,15-06-2026,,,,,Complete,Resourced,SE,100,"Data Warehousing- Understanding of data warehousing concepts and architecture., SQL Proficiency-Ability to write complex queries and optimize them for performance., Understanding of how to handle large volumes of data. - Handelling large data volumes",No,Platform Engineer,Software Engineer,100.0,False,speculative,16.0,05-10-2026
PIPE_0147,4,10-06-2026,08-06-2026,,Silver,,,22-06-2026,,,,,Complete,Resourced,Sol Con,50,"Time Management - Strong organizational skills to manage multiple projects and priorities., SQL Proficiency-Ability to write complex queries and optimize them for performance., Business Acumen - Understanding of business operations and financial principles.",No,"ARR reporting & fabric experience required (or relevant tech stack e.g. databricks so they know what/how to set up in a datalake), responsibilities to include advising on data model, logic design, logic review and implementation",Solution Consultant,50.0,False,speculative,16.0,12-10-2026
PIPE_0148,4,10-06-2026,08-06-2026,,Silver,,,22-06-2026,,,,,High,Not Resourced,SSE,100,"Prompt templates and reusable prompts, Survival Analysis (CPH), Pandas, Numpy",No,"data engineering experience required, Fabric experience preferred but not required as long as we have an Enabler with Fabric experience",Senior Software Engineer,100.0,False,speculative,16.0,12-10-2026
PIPE_0149,4,10-06-2026,08-06-2026,,Silver,,,22-06-2026,,,,,High,Not Resourced,SE,100,"Multi-agent orchestration, Amazon S3, Chroma",No,w1-6 to support customer data remediation workstream,Software Engineer,100.0,False,speculative,16.0,12-10-2026
PIPE_0150,4,10-06-2026,08-06-2026,,Silver,Ford,,03-08-2026,,,,,Low,Not Resourced,SSE,100,"Technical Skills - Familiarity with relevant tools and technologies specific to the consulting field.

Proficiency in data analysis software, project management tools, or CRM systems., Understanding of how to handle large volumes of data. - Handelling large data volumes, Technical Skills - Familiarity with relevant tools and technologies specific to the consulting field.

Proficiency in data analysis software, project management tools, or CRM systems.",No,PBI Engineer,Senior Software Engineer,100.0,False,speculative,16.0,23-11-2026
PIPE_0151,2,15-06-2026,22-06-2026,Next phase - additional resources,Other,Tesla,,22-06-2026,,,Build the proposition,,Urgent,Not Resourced,Sol Con,100,"Data model understanding, Playwright & Selenium, Rate limiting & throttling strategies",No,,Solution Consultant,100.0,False,speculative,16.0,12-10-2026
PIPE_0152,2,15-06-2026,22-06-2026,,Other,,,01-07-2026,,,,,Urgent,Not Resourced,Enabler,100,"Pinecone, Python, Kubeflow",No,,Solutions Enabler,100.0,False,speculative,16.0,21-10-2026
PIPE_0153,2,15-06-2026,22-06-2026,,Other,,,22-06-2026,,,,,Urgent,Not Resourced,SSE,100,"security groups, Terraform, Tracing",No,,Senior Software Engineer,100.0,False,speculative,16.0,12-10-2026
PIPE_0154,1,12-06-2026,22-06-2026,,Silver,Cadillac,,15-06-2026,Yes,2,Signed,,Urgent,Not Resourced,Enabler,12.5,"Deployment troubleshooting, Jenkins, Scrapy",Yes,Need someone to review the code written by Rohit to then share with customer,Solutions Enabler,12.5,True,confirmed,2.0,29-06-2026
PIPE_0155,1,12-06-2026,22-06-2026,,Silver,HDFC,,15-06-2026,,,,,High,Not Resourced,Enabler,12.5,"Security by-design, Azure, Data observability",Yes,Tech oversight for MS project,Solutions Enabler,12.5,True,confirmed,16.0,05-10-2026
PIPE_0156,1,08-06-2026,22-06-2026,Additional resource,Silver,Audi,,22-06-2026,,,Build the Proposition,,Complete,Resourced,P ,12.5,,Yes,,Principal,12.5,True,confirmed,16.0,12-10-2026
PIPE_0157,1,08-06-2026,22-06-2026,,Silver,,,22-06-2026,,,,,Complete,Resourced,PA,25,,Yes,,Associate Partner,25.0,True,confirmed,16.0,12-10-2026
PIPE_0158,1,08-06-2026,22-06-2026,,Silver,,,22-06-2026,,,,,Complete,Resourced,Sol Con ,50,"Complex joins, window functions, Logging & alerting, Storage vs compute separation",No,,Solution Consultant,50.0,False,speculative,16.0,12-10-2026
PIPE_0159,1,08-06-2026,22-06-2026,,Silver,,,22-06-2026,,4,,,Complete,Resourced,EM,50,,No,,Solution Consultant,50.0,False,speculative,4.0,20-07-2026
PIPE_0160,1,08-06-2026,22-06-2026,,Silver,,,22-06-2026,No,,,,Complete,Resourced,M,50,,No,,Manager,50.0,False,speculative,16.0,12-10-2026
PIPE_0161,1,08-06-2026,22-06-2026,,Silver,,,22-06-2026,,,,,Complete,Resourced,AC ,100,,No,Updated request reflected AC not SAC updating here,Associate Consultant,100.0,False,speculative,16.0,12-10-2026
PIPE_0162,1,08-06-2026,22-06-2026,,Silver,,,22-06-2026,,,,,Urgent,Not Resourced,SSE  or SE,100,"Antigravity, ShadCN, Next.JS",No,Experienced SE could be used ,Senior Software Engineer,100.0,False,speculative,16.0,12-10-2026
PIPE_0163,3,15-06-2026,29-06-2026,,Gold,Ducati,,29-06-2026,Yes,3,SOW Pending Signature,Value Creation,Complete,Resourced,P,12.5,,No,,Principal,12.5,False,speculative,3.0,20-07-2026
PIPE_0164,3,15-06-2026,29-06-2026,,Gold,,,29-06-2026,,,,,Complete,Resourced,GTM Architect,12.5,,No,,GTM Architect,12.5,False,speculative,16.0,19-10-2026
PIPE_0165,3,15-06-2026,29-06-2026,,Gold,,,29-06-2026,,,,,Complete,Resourced,Sr DS SME,12.5,"Understanding of how to handle large volumes of data. - Handelling large data volumes, Technical Skills - Familiarity with relevant tools and technologies specific to the consulting field.

Proficiency in data analysis software, project management tools, or CRM systems., Communication Skills - Ability to present findings and insights to technical and non-technical stakeholders.",No,,Data Science SME,12.5,False,speculative,16.0,19-10-2026
PIPE_0166,3,15-06-2026,29-06-2026,,Gold,,,29-06-2026,,,,,Complete,Resourced,EM,50,,No,,Solution Consultant,50.0,False,speculative,16.0,19-10-2026
PIPE_0167,3,15-06-2026,29-06-2026,,Gold,,,29-06-2026,,,,,Complete,Resourced,C/SAC/AC,100,,No,Keeping this flexible as understand it will be difficult to find resource – need someone who can be analytical and consultative,Associate Consultant,100.0,False,speculative,16.0,19-10-2026
PIPE_0168,3,15-06-2026,29-06-2026,,Gold,,,29-06-2026,,,,,High,Not Resourced,Sol Con/Enabler/SSE,100,"Cloud AI Platform, Helicone, Bias detection tools",No,Does not need to be DS – ideally would have Snowflake experience. Could drop to a strong SSE if none available,Solution Consultant,100.0,False,speculative,16.0,19-10-2026
PIPE_0169,1,11-06-2026,06-07-2026,,Bronze,Suzuki,,06-07-2026,,4,Build the Proposition,,Medium,Not Resourced,EM,25-50,,No,,Solution Consultant,37.5,False,speculative,4.0,03-08-2026
PIPE_0170,1,11-06-2026,06-07-2026,,Bronze,,,06-07-2026,,,,,Medium,Not Resourced,AC,100,,No,"If not Alyssa, someone with snowball experience, reconciliation experience, and ability to handle client comms if I am 25%",Associate Consultant,100.0,False,speculative,16.0,26-10-2026
PIPE_0171,1,11-06-2026,06-07-2026,New Request,Bronze,,,06-07-2026,Yes,,,,Medium,Not Resourced,PA,12.5,,No,,Associate Partner,12.5,False,speculative,16.0,26-10-2026
PIPE_0172,1,11-06-2026,06-07-2026,,Bronze,,,06-07-2026,,,,,Medium,Not Resourced,Enabler,50,"Spark Streaming, Evaluation & Monitoring- LangSmith, Feature Store",No,"Tech Lead would optimize current manual refresh process to make simpler (but still manual), and review code Ashika built in last phase so snowball experience highly valuable, and ideally Ashika would be the 100% engineer resource",Solutions Enabler,50.0,False,speculative,16.0,26-10-2026
PIPE_0173,1,11-06-2026,06-07-2026,,Bronze,,,06-07-2026,,,,,Medium,Not Resourced,SE,100,"Scrapy, JavaScript-rendered content, Terms of Service considerations",No,"Ashika will only be partially free due to WHK so an alternative solution could be Ashika as Tech Lead, SE/SSE as engineer resource who ideally has SQL & snowball experience, and JQA conducts detailed code review",Software Engineer,100.0,False,speculative,16.0,26-10-2026
PIPE_0174,2,16-06-2026,22-06-2026,,Bronze,Sony,,29-06-2026,,5,SOW Pending Signature,,Complete,Resourced,SC,50,,No,percentage change per Noah's request,Solution Consultant,50.0,False,speculative,5.0,03-08-2026
PIPE_0175,2,16-06-2026,22-06-2026,,Bronze,,,29-06-2026,Yes,,,,Complete,Resourced,SAC,100,,No,,Senior Associate Consultant,100.0,False,speculative,16.0,19-10-2026
PIPE_0176,2,16-06-2026,22-06-2026,,Bronze,,,29-06-2026,,,,,Urgent,Not Resourced,SSE,100,"SAST & DAST, integrations, VPCs",No,SaaS ARR revenue bridge experience,Senior Software Engineer,100.0,False,speculative,16.0,19-10-2026
PIPE_0177,2,16-06-2026,22-06-2026,,Bronze,,,29-06-2026,,,,,Urgent,Not Resourced,SE,100,"Understanding of how to handle large volumes of data. - Handelling large data volumes, Project Management - Skills in planning, executing, and managing projects to meet deadlines and manage resources effectively., Time Management - Strong organizational skills to manage multiple projects and priorities.",No,Databricks,Software Engineer,100.0,False,speculative,16.0,19-10-2026
PIPE_0178,2,17-06-2026,22-06-2026,Replacement,Silver,Samsung,,22-06-2026,,,,,Urgent,Not Resourced,SSE  ,100,"Data Warehousing- Understanding of data warehousing concepts and architecture., Business Acumen - Understanding of business operations and financial principles., Data Governance and Security - data governance & security principles and best practices.",No,Replace the existing resource Supriya with a new Senior Software Engineer (SSE),Senior Software Engineer,100.0,False,speculative,16.0,12-10-2026
PIPE_0179,1,17-06-2026,06-07-2026,New Request,,Apple,,06-07-2026,No ,6,Make it Real,Data Advisory,Urgent,Not Resourced,AP,12.5,,No,,Associate Partner,12.5,False,speculative,6.0,17-08-2026
PIPE_0180,1,17-06-2026,06-07-2026,,,,,06-07-2026,,,,,Urgent,Not Resourced,SC,50,,No,,Solution Consultant,50.0,False,speculative,16.0,26-10-2026
PIPE_0181,1,17-06-2026,06-07-2026,,,,,06-07-2026,,,,,Urgent,Not Resourced,SAC,100,,No,,Senior Associate Consultant,100.0,False,speculative,16.0,26-10-2026
PIPE_0182,1,17-06-2026,06-07-2026,,,,,06-07-2026,,,,,Urgent,Not Resourced,PA,12.5,,No,,Associate Partner,12.5,False,speculative,16.0,26-10-2026
PIPE_0183,1,17-06-2026,06-07-2026,,,,,06-07-2026,,,,,Urgent,Not Resourced,Sol Con,50,"Dimensional, AWS, SQL",No,,Solution Consultant,50.0,False,speculative,16.0,26-10-2026
PIPE_0184,1,17-06-2026,06-07-2026,,,,,06-07-2026,,,,,Urgent,Not Resourced,Enabler,100,"SQL Proficiency-Ability to write complex queries and optimize them for performance., Understanding of how to handle large volumes of data. - Handelling large data volumes, Project Management - Skills in planning, executing, and managing projects to meet deadlines and manage resources effectively.",No,,Solutions Enabler,100.0,False,speculative,16.0,26-10-2026
PIPE_0185,1,17-06-2026,06-07-2026,,,,,06-07-2026,,,,,Urgent,Not Resourced,SSE,100,"GraphQL, Package Management (npm/pnpm), Iterative development & incremental delivery",No,,Senior Software Engineer,100.0,False,speculative,16.0,26-10-2026
PIPE_0186,1,18-06-2026,29-06-2026,New Request,Other,Moto,,29-06-2026,No,6,Opportunity Inception,Exit Support,Medium,Not Resourced,AP,12.5,,No,,Associate Partner,12.5,False,speculative,6.0,10-08-2026
PIPE_0187,1,18-06-2026,29-06-2026,,Other,,,29-06-2026,,,,,Medium,Not Resourced,M,75,,No,,Manager,75.0,False,speculative,16.0,19-10-2026
PIPE_0188,1,18-06-2026,29-06-2026,,Other,,,29-06-2026,,,,,Medium,Not Resourced,SAC,100,,No,,Senior Associate Consultant,100.0,False,speculative,16.0,19-10-2026
PIPE_0189,1,18-06-2026,29-06-2026,,Other,,,29-06-2026,,,,,Medium,Not Resourced,PA,25,,No,,Associate Partner,25.0,False,speculative,16.0,19-10-2026
PIPE_0190,1,18-06-2026,29-06-2026,,Other,,,29-06-2026,,,,,Medium,Not Resourced,Sol Con,50,"VS Code, ANOVA, CrewAI",No,,Solution Consultant,50.0,False,speculative,16.0,19-10-2026
PIPE_0191,1,18-06-2026,29-06-2026,,Other,,,29-06-2026,,,,,Medium,Not Resourced,Enabler,100,"Logging & alerting, Multi-job execution control, JSON / API extraction",No,,Solutions Enabler,100.0,False,speculative,16.0,19-10-2026
PIPE_0192,1,18-06-2026,29-06-2026,,Other,,,29-06-2026,,,,,Medium,Not Resourced,SSE,100,"Branching, OAuth 2.0, Express.JS",No,,Senior Software Engineer,100.0,False,speculative,16.0,19-10-2026
PIPE_0193,1,18-06-2026,29-06-2026,,Other,,,29-06-2026,,,,,Medium,Not Resourced,SE,100,"SCD basics, Playwright & Selenium, Scrapy",No,,Software Engineer,100.0,False,speculative,16.0,19-10-2026
PIPE_0194,1,19-06-2026,29-06-2026,,Other,Vertu,,06-07-2026,No,4,Build the Proposition,Exit Support,Urgent,Not Resourced,P,12.5,,No,,Principal,12.5,False,speculative,4.0,03-08-2026
PIPE_0195,1,19-06-2026,29-06-2026,,Other,,,06-07-2026,,,,,Urgent,Not Resourced,SC,50,,No,"Project Management, experience with D&Ds and ideally Exit Prep projects",Solution Consultant,50.0,False,speculative,16.0,26-10-2026
PIPE_0196,1,19-06-2026,29-06-2026,,Other,,,06-07-2026,,,,,Urgent,Not Resourced,SAC,100,,No,Strong PPT and dashboard design skills,Senior Associate Consultant,100.0,False,speculative,16.0,26-10-2026
PIPE_0197,1,19-06-2026,29-06-2026,New Request,Other,,,06-07-2026,,,,,Urgent,Not Resourced,PA,25,,No,"experience with Exit Prep projects and, ideally, SaaS",Associate Partner,25.0,False,speculative,16.0,26-10-2026
PIPE_0198,1,19-06-2026,29-06-2026,,Other,,,06-07-2026,,,,,Urgent,Not Resourced,Sol Con,100,"Data Modelling - Skills in designing and implementing data models., Industry Knowledge - Understanding of the specific industry or market, industry trends, challenges, and best practices., Industry Knowledge - Understanding of the specific industry or market, industry trends, challenges, and best practices.",No,"Experience with D&Ds, especially feasibility testing and Architecture / Data Model recommendations",Solution Consultant,100.0,False,speculative,16.0,26-10-2026
PIPE_0199,1,19-06-2026,29-06-2026,,Other,,,06-07-2026,,,,,Urgent,Not Resourced,SSE,100,"Kubeflow, AI Document Processing Platforms - AWS Textract, ML Flow",No,"Experience with D&Ds. Some experience with feasibility testing and Architecture / Data Model recommendations preferred, but not essential",Senior Software Engineer,100.0,False,speculative,16.0,26-10-2026
PIPE_0200,1,19-06-2026,29-06-2026,,Other,,,06-07-2026,,,,,Urgent,Not Resourced,SE,100,"security groups, Network Security, SAST & DAST",No,,Software Engineer,100.0,False,speculative,16.0,26-10-2026
PIPE_0201,3,19-06-2026,,Replacement,Gold,Oneplus,,22-06-2026,,,,,Urgent,Not Resourced,AC,100,,No,,Associate Consultant,100.0,False,speculative,16.0,12-10-2026
PIPE_0202,2,22-06-2026,22-06-2026,,Silver,Nothing,,22-06-2026,,2,,,Urgent,Not Resourced,SSE,100,"LlamaIndex, Survival Analysis (CPH), ML Flow",No,Platform Engineer,Senior Software Engineer,100.0,False,speculative,2.0,06-07-2026
PIPE_0203,2,22-06-2026,29-06-2026,,Silver,,,29-06-2026,Yes,8,,,Urgent,Not Resourced,Enabler,100,"Monitoring, Network Security, Logging",No,Fabric Expertise,Solutions Enabler,100.0,False,speculative,8.0,24-08-2026
PIPE_0204,2,22-06-2026,29-06-2026,,Silver,,,29-06-2026,,,,,Urgent,Not Resourced,SSE,100,"PII handling, Scalable execution environments, Incremental loads & CDC",No,,Senior Software Engineer,100.0,False,speculative,16.0,19-10-2026
PIPE_0205,2,22-06-2026,,Cover/Replace,Bronze,Falcon,,29-06-2026,Yes,,Signed,,High,Not Resourced,SAC - C,100,,No,"Experienced SAC pushing C - as they will likely roll into a DTAAS/Secondment post this engagement - Power BI Must, Data bricks Nice to have,  Data Whatehousing  nice to have, Data Governance Nice to have.",Senior Associate Consultant,100.0,False,speculative,16.0,19-10-2026
PIPE_0206,3,17-02-2026,20-04-2026,New,Gold,RDR,XYXY,19-07-2026,No,11,Scoping Approval,,Medium,Not Resourced,P,25,,No,It isn't solidified yet but requires very specific skillsets. I have pre-emptively engaged with CoE leads and Cluster leads of the required personnel - from Chris,Principal,25.0,False,speculative,11.0,04-10-2026
PIPE_0207,3,,20-04-2026,,,,,19-07-2026,,,,,Medium,Not Resourced,SC,50,,No,,Solution Consultant,50.0,False,speculative,16.0,08-11-2026
PIPE_0208,3,,20-04-2026,,,,,19-07-2026,,,,,Medium,Not Resourced,C,100,,No,,Consultant,100.0,False,speculative,16.0,08-11-2026
PIPE_0209,3,,20-04-2026,,,,,19-07-2026,,,,,Medium,Not Resourced,Sr Sol Con,75/100,"integrations, Network Security, Monitoring",No,,Senior Solution Consultant,100.0,False,speculative,16.0,08-11-2026
PIPE_0210,3,,20-04-2026,,,,,19-07-2026,,,,,Medium,Not Resourced,SSE,100,"Business Acumen - Understanding of business processes and metrics to align BI solutions with business goals and strategies., Communication Skills - Ability to present findings and insights to technical and non-technical stakeholders., Data Warehousing- Understanding of data warehousing concepts and architecture.",No,,Senior Software Engineer,100.0,False,speculative,16.0,08-11-2026
PIPE_0211,3,,20-04-2026,,,,,19-07-2026,,,,,Medium,Not Resourced,SE,100,"Understanding of how to handle large volumes of data. - Handelling large data volumes, Data Warehousing- Understanding of data warehousing concepts and architecture., Programming Languages - Familiarity with scripting languages for automation.",No,,Software Engineer,100.0,False,speculative,16.0,08-11-2026
PIPE_0212,5,24-02-2026,20-04-2026,,Gold,Astra Bot,XYXY,15-07-2026,,,Signed,,Medium,Not Resourced,Enabler,12.5,"Statistical Foundations, Large Language Models (LLMs)., Bias detection tools",No,,Solutions Enabler,12.5,False,speculative,16.0,04-11-2026
PIPE_0213,5,,20-04-2026,,,,,15-07-2026,Yes,4,,,Medium,Not Resourced,Sol Con,50,"SQL, Cloud AI Platform, Dashbaord integration into salesforce",No,,Solution Consultant,50.0,False,speculative,4.0,12-08-2026
PIPE_0214,5,,20-04-2026,,,,,15-07-2026,,,,,Medium,Not Resourced,SE  ,100,"Project Management - Skills in planning, executing, and managing projects to meet deadlines and manage resources effectively., Adaptability - Flexibility to adapt to changing client needs and environments., Project Management - Skills in planning, executing, and managing projects to meet deadlines and manage resources effectively.",No,,Software Engineer,100.0,False,speculative,16.0,04-11-2026
PIPE_0215,1,26-03-2026,20-04-2026,New,Other,POP,XYXY,26-07-2026,No,5,Build the Proposition,Data Advisory,High,Not Resourced,AP/P,37.5,,No,,Principal,37.5,False,speculative,5.0,30-08-2026
PIPE_0216,1,,20-04-2026,,,,,26-07-2026,,,,,High,Not Resourced,PA,25,,No,,Associate Partner,25.0,False,speculative,16.0,15-11-2026
PIPE_0217,1,,20-04-2026,,,,,26-07-2026,,,,,High,Not Resourced,SC (EM),50,,No,strong EM with Discovery & Design experience,Solution Consultant,50.0,False,speculative,16.0,15-11-2026
PIPE_0218,1,,20-04-2026,,,,,26-07-2026,,,,,High,Not Resourced,SAC,100,,No,strong SAC with Discovery & Design experience,Senior Associate Consultant,100.0,False,speculative,16.0,15-11-2026
PIPE_0219,1,,20-04-2026,,,,,26-07-2026,,,,,High,Not Resourced,SAC,100,,No,strong SAC with business process change experience - one SAC for the dashboard design and one SAC for business process change (an additional workstream that is not typically included in our D&D phase.,Senior Associate Consultant,100.0,False,speculative,16.0,15-11-2026
PIPE_0220,1,,20-04-2026,,,,,26-07-2026,,,,,High,Not Resourced,Sol Con,100,"RBAC / RLD & PII handling, GCP, Snowflake with dbt",No,Discovery & Design experience,Solution Consultant,100.0,False,speculative,16.0,15-11-2026
PIPE_0221,1,,20-04-2026,,,,,26-07-2026,,,,,High,Not Resourced,Enabler ,100,"Branching, ShadCN, Commits, diffs and history",No,Discovery & Design experience,Solutions Enabler,100.0,False,speculative,16.0,15-11-2026
PIPE_0222,1,,20-04-2026,,,,,26-07-2026,,,,,High,Not Resourced,SSE,100,"RBAC / RLD & PII handling, Security by-design, Data Quality checks & Validation",No,with data gap assessment or Discovery & Design experience (100%),Senior Software Engineer,100.0,False,speculative,16.0,15-11-2026
PIPE_0223,2,26-03-2026,20-04-2026,New,Gold,Jazz,XYXY,20-07-2026,No,5,Build the Proposition,,Low,Part Resourced,AP,12.5,,No,,Associate Partner,12.5,False,speculative,5.0,24-08-2026
PIPE_0224,2,,20-04-2026,,,,,20-07-2026,,,,,Low,Part Resourced,M,50,,No,,Manager,50.0,False,speculative,16.0,09-11-2026
PIPE_0225,2,,20-04-2026,,,,,20-07-2026,,,,,Low,Part Resourced,SC  ,50,,No,,Solution Consultant,50.0,False,speculative,16.0,09-11-2026
PIPE_0226,2,,20-04-2026,,,,,20-07-2026,,,,,Low,Part Resourced,SAC,100,,No,could we use AC?,Senior Associate Consultant,100.0,False,speculative,16.0,09-11-2026
PIPE_0227,2,,20-04-2026,,,,,20-07-2026,,,,,Low,Not Resourced,PA,25,,No,,Associate Partner,25.0,False,speculative,16.0,09-11-2026
PIPE_0228,2,,20-04-2026,,,,,20-07-2026,,,,,Low,Not Resourced,Sol Con,100,"Monitoring, Logging, Tracing",No,,Solution Consultant,100.0,False,speculative,16.0,09-11-2026
PIPE_0229,5,24-02-2026,09-03-2026,New,Other,Marshall,XYXY,31-08-2026,No,3,,,Low,Not Resourced,P,12.5,,Yes,,Principal,12.5,True,confirmed,3.0,21-09-2026
PIPE_0230,5,,09-03-2026,,,,,31-08-2026,,,,,Low,Not Resourced,PA,25,,Yes,,Associate Partner,25.0,True,confirmed,16.0,21-12-2026
PIPE_0231,5,,09-03-2026,,,,,31-08-2026,,,,,Low,Not Resourced,EM,50,,Yes,Already assigned to PureFin - has 50% available,Solution Consultant,50.0,True,confirmed,16.0,21-12-2026
PIPE_0232,5,,09-03-2026,,,,,31-08-2026,,,,,Low,Not Resourced,SAC,100,,Yes,,Senior Associate Consultant,100.0,True,confirmed,16.0,21-12-2026
PIPE_0233,5,,09-03-2026,,,,,31-08-2026,,,,,Low,Not Resourced,AC,100,,Yes,new hire ,Associate Consultant,100.0,True,confirmed,16.0,21-12-2026
PIPE_0234,5,,09-03-2026,,,,,31-08-2026,,,,,Low,Not Resourced,Sol Con,100,"Business Acumen - Understanding of business processes and metrics to align BI solutions with business goals and strategies., Time Management - Strong organizational skills to manage multiple projects and priorities., Business Acumen - Understanding of business processes and metrics to align BI solutions with business goals and strategies.",Yes,,Solution Consultant,100.0,True,confirmed,16.0,21-12-2026
PIPE_0235,5,,09-03-2026,,,,,31-08-2026,,,,,Low,Not Resourced,SSE,100,"Technical Skills - Familiarity with relevant tools and technologies specific to the consulting field.

Proficiency in data analysis software, project management tools, or CRM systems., Data Visualization Tools - Experience with BI tools like Tableau, Power BI, or QlikView., Technical Skills - Familiarity with relevant tools and technologies specific to the consulting field.

Proficiency in data analysis software, project management tools, or CRM systems.",Yes,,Senior Software Engineer,100.0,True,confirmed,16.0,21-12-2026
PIPE_0236,3,,,,Gold,Myth,,01-07-2026,,,Build the Proposition,,Low,Not Resourced,SAC,100,,No,,Senior Associate Consultant,100.0,False,speculative,16.0,21-10-2026
PIPE_0237,5,16-04-2026,20-07-2026,Next Phase,Gold,Dominos,,20-07-2026,No,7,Signed,,Low,Not Resourced,AC,100,,No,,Associate Consultant,100.0,False,speculative,7.0,07-09-2026
PIPE_0238,5,,20-07-2026,,Gold,,,20-07-2026,,,,,Low,Not Resourced,Enabler,100,"Dimensional, Lakehouse & Warehouse Architecture patterns, Snowflake with dbt",No,,Solutions Enabler,100.0,False,speculative,16.0,09-11-2026
PIPE_0239,5,,20-07-2026,,Gold,,,20-07-2026,,,,,Low,Not Resourced,SE ,100,"Dimensional, AWS, Data observability",No,,Software Engineer,100.0,False,speculative,16.0,09-11-2026
PIPE_0240,5,23-04-2026,18-05-2026,,Silver,Onida,,03-08-2026,Yes,16,,,High,Not Resourced,SC,25,,No,,Solution Consultant,25.0,False,speculative,16.0,23-11-2026
PIPE_0241,5,,18-05-2026,,Silver,,,03-08-2026,,,,,High,Not Resourced,SAC,100,,No,,Senior Associate Consultant,100.0,False,speculative,16.0,23-11-2026
PIPE_0242,5,,18-05-2026,,Silver,,,03-08-2026,,,,,High,Not Resourced,PA,12.5,,No,,Associate Partner,12.5,False,speculative,16.0,23-11-2026
PIPE_0243,5,,18-05-2026,,Silver,,,03-08-2026,,,,,High,Not Resourced,Sol Con,50,"Data Modelling - Skills in designing and implementing data models., Data Modelling - Skills in designing and implementing data models., Adaptability - Flexibility to adapt to changing client needs and environments.",No,,Solution Consultant,50.0,False,speculative,16.0,23-11-2026
PIPE_0244,5,,18-05-2026,,Silver,,,03-08-2026,,,,,High,Not Resourced,Enabler,100,"Workspace, environment & compute management, Logging, auditing & Lineage, SQL",No,,Solutions Enabler,100.0,False,speculative,16.0,23-11-2026
PIPE_0245,5,,18-05-2026,,Silver,,,03-08-2026,,,,,High,Not Resourced,SSE,100,"Performance & cost optimization by design, GCP, Risk identification & mitigation",No,,Senior Software Engineer,100.0,False,speculative,16.0,23-11-2026
PIPE_0246,5,,18-05-2026,,Silver,,,03-08-2026,,,,,High,Not Resourced,SE,100,"Data Warehousing- Understanding of data warehousing concepts and architecture., SQL Proficiency-Ability to write complex queries and optimize them for performance., Understanding of how to handle large volumes of data. - Handelling large data volumes",No,,Software Engineer,100.0,False,speculative,16.0,23-11-2026
PIPE_0247,5,,18-05-2026,,Silver,,,03-08-2026,,,,,High,Not Resourced,SE,12.5,"Time Management - Strong organizational skills to manage multiple projects and priorities., SQL Proficiency-Ability to write complex queries and optimize them for performance., Business Acumen - Understanding of business operations and financial principles.",No,DevOps Engineer,Software Engineer,12.5,False,speculative,16.0,23-11-2026
PIPE_0248,2,06-05-2026,26-05-2026,Next Phase,Gold,Toshiba,,10-08-2026,No,6,Propose & Negotiate,Value Creation,Low,Part Resourced ,P,12.5,,No,,Principal,12.5,False,speculative,6.0,21-09-2026
PIPE_0249,2,,26-05-2026,,Gold,,,10-08-2026,,,,,Low,Part Resourced ,EM,50,,No,,Solution Consultant,50.0,False,speculative,16.0,30-11-2026
PIPE_0250,2,,26-05-2026,,Gold,,,10-08-2026,,,,,Low,Not Resourced,SAC/AC,100,,No,SAC or Experienced AC has led workstreams independently,Associate Consultant,100.0,False,speculative,16.0,30-11-2026
PIPE_0251,2,,26-05-2026,,Gold,,,10-08-2026,,,,,Low,Not Resourced,PA,25,,No,(all - or as much as possible - Data Science & ML CoE,Associate Partner,25.0,False,speculative,16.0,30-11-2026
PIPE_0252,2,,26-05-2026,,Gold,,,10-08-2026,,,,,Low,Not Resourced,Enabler,100,"Pinecone, Python, Kubeflow",No,(all - or as much as possible - Data Science & ML CoE,Solutions Enabler,100.0,False,speculative,16.0,30-11-2026
PIPE_0253,2,,26-05-2026,,Gold,,,10-08-2026,,,,,Low,Not Resourced,SSE,100,"security groups, Terraform, Tracing",No,(all - or as much as possible - Data Science & ML CoE,Senior Software Engineer,100.0,False,speculative,16.0,30-11-2026
PIPE_0254,2,,26-05-2026,,Gold,,,10-08-2026,,,,,Low,Part Resourced ,SSE,100,"Deployment troubleshooting, Jenkins, Scrapy",No,Free of charge (will be covered by Navya as part of utilisation workstream) ,Senior Software Engineer,100.0,False,speculative,16.0,30-11-2026
PIPE_0255,2,,26-05-2026,,Gold,,,10-08-2026,,,,,Low,Not Resourced,SE,100,"Security by-design, Azure, Data observability",No,(all - or as much as possible - Data Science & ML CoE,Software Engineer,100.0,False,speculative,16.0,30-11-2026
PIPE_0256,4,08-05-2026,01-06-2026,New Request,Bronze,Lenova,,10-08-2026,No*,4,Build the Proposition,Due Diligence,Medium,Not Resourced,AP,12.5,,No,,Associate Partner,12.5,False,speculative,4.0,07-09-2026
PIPE_0257,4,,01-06-2026,,Bronze,,,10-08-2026,,,,,Medium,Not Resourced,P,37.5,,No,,Principal,37.5,False,speculative,16.0,30-11-2026
PIPE_0258,4,,01-06-2026,,Bronze,,,10-08-2026,,,,,Medium,Not Resourced,C,50,,No,"strong commercial sense, client engagement, engagement management",Consultant,50.0,False,speculative,16.0,30-11-2026
PIPE_0259,4,,01-06-2026,,Bronze,,,10-08-2026,,,,,Medium,Not Resourced,AC,100,,No,"strong commercial sense, problem solving, slide writing, client engagement",Associate Consultant,100.0,False,speculative,16.0,30-11-2026
PIPE_0260,4,,01-06-2026,,Bronze,,,10-08-2026,,,,,Medium,Not Resourced,PA,37.5,,No,,Associate Partner,37.5,False,speculative,16.0,30-11-2026
PIPE_0261,4,,01-06-2026,,Bronze,,,10-08-2026,,,,,Medium,Not Resourced,SE,100,"Data Governance and Security - data governance & security principles and best practices., SQL Proficiency-Ability to write complex queries and optimize them for performance., Time Management - Strong organizational skills to manage multiple projects and priorities.",No,experience with data gap assessment and data due diligence preferred,Software Engineer,100.0,False,speculative,16.0,30-11-2026
PIPE_0262,5,14-05-2026,01-06-2026,New Request,Other,LG,,17-08-2026,No,8,Build the Proposition,,Complete,Resourced,P,12.5,,No,,Principal,12.5,False,speculative,8.0,12-10-2026
PIPE_0263,5,14-05-2026,01-06-2026,,Other,,,17-08-2026,,,,,Complete,Resourced,PA,12.5,,No,,Associate Partner,12.5,False,speculative,16.0,07-12-2026
PIPE_0264,5,14-05-2026,01-06-2026,,Other,,,17-08-2026,,,,,Urgent,Not Resourced,SC,50,,No,,Solution Consultant,50.0,False,speculative,16.0,07-12-2026
PIPE_0265,5,14-05-2026,01-06-2026,,Other,,,17-08-2026,,,,,Urgent,Not Resourced,SAC,100,,No,Safa elsewhere,Senior Associate Consultant,100.0,False,speculative,16.0,07-12-2026
PIPE_0266,5,14-05-2026,01-06-2026,,Other,,,17-08-2026,,,,,Urgent,Not Resourced,Enabler,100,"Docker / Containerization, Large Language Models (LLMs)., AWS Lambda",No,Snowflake experience ,Solutions Enabler,100.0,False,speculative,16.0,07-12-2026
PIPE_0267,5,14-05-2026,01-06-2026,,Other,,,17-08-2026,,,,,Urgent,Not Resourced,SSE,100,"Branching, Node.JS, GraphQL",No,,Senior Software Engineer,100.0,False,speculative,16.0,07-12-2026
PIPE_0268,5,14-05-2026,01-06-2026,,Other,,,17-08-2026,,,,,Urgent,Not Resourced,SE,100,"Cloud AI Platform, Helicone, Bias detection tools",No,,Software Engineer,100.0,False,speculative,16.0,07-12-2026
PIPE_0269,5,15-05-2026,25-05-2026,Next Phase,Silver,Shell,,24-08-2026,Yes,12,,Core Reporting,Urgent,Part Resourced ,P,50,,No,,Principal,50.0,False,speculative,12.0,16-11-2026
PIPE_0270,5,15-05-2026,25-05-2026,,Silver,,,24-08-2026,,,,Exit Support,Urgent,Not Resourced,C ,50,,No,,Consultant,50.0,False,speculative,16.0,14-12-2026
PIPE_0271,5,15-05-2026,25-05-2026,,Silver,,,24-08-2026,,,,,Urgent,Not Resourced,PA,25,,No,,Associate Partner,25.0,False,speculative,16.0,14-12-2026
PIPE_0272,5,15-05-2026,25-05-2026,,Silver,,,24-08-2026,,,,,Urgent,Not Resourced,SAC or AC,100,,No,Preferences for Power BI + Customer Tool experience - strong end to end build phase experience ,Associate Consultant,100.0,False,speculative,16.0,14-12-2026
PIPE_0273,5,15-05-2026,25-05-2026,,Silver,,,24-08-2026,,,,,Urgent,Not Resourced,Sol Con,100,"Scrapy, JavaScript-rendered content, Terms of Service considerations",No,Fabric front end and power Bi,Solution Consultant,100.0,False,speculative,16.0,14-12-2026
PIPE_0274,5,15-05-2026,25-05-2026,,Silver,,,24-08-2026,,,,,Urgent,Not Resourced,SSE  ,100,"Block detection, User access issues, User access issues",No,,Senior Software Engineer,100.0,False,speculative,16.0,14-12-2026
PIPE_0275,5,15-05-2026,25-05-2026,,Silver,,,24-08-2026,,,,,Urgent,Not Resourced,SE,100,"Pandas, Numpy, XGBoost, Intelligent Document Processing (IDP) systems",No,strong Senior Software Engineer with end to end build experience- Fabric,Software Engineer,100.0,False,speculative,16.0,14-12-2026
PIPE_0276,1,26-03-2026,27-04-2026,New,Gold,Logitech,,31-08-2026,Yes,5,SOW with Customer,,Urgent,Resourced,AP,12.5,,Yes,,Associate Partner,12.5,True,confirmed,5.0,05-10-2026
PIPE_0277,1,26-03-2026,27-04-2026,,Gold,,,31-08-2026,,,,,Urgent,Resourced,M,50,,Yes,,Manager,50.0,True,confirmed,16.0,21-12-2026
PIPE_0278,1,26-03-2026,27-04-2026,,Gold,,,31-08-2026,,,,,Urgent,Resourced,C,100,,Yes,,Consultant,100.0,True,confirmed,16.0,21-12-2026
PIPE_0279,1,26-03-2026,27-04-2026,,Gold,,,31-08-2026,,,,,Urgent,Not Resourced,PA,25,,Yes,,Associate Partner,25.0,True,confirmed,16.0,21-12-2026
PIPE_0280,1,26-03-2026,27-04-2026,,Gold,,,31-08-2026,,,,,Urgent,Not Resourced,Sol Con,100,"Logging, Kubernetes, Bicep",Yes,Sol Con 100 or Sol Con 50 + SE 100,Solution Consultant,100.0,True,confirmed,16.0,21-12-2026
PIPE_0281,1,26-03-2026,27-04-2026,,Gold,,,31-08-2026,,,,,Urgent,Not Resourced,SE,100,"Industry Knowledge - Understanding of the specific industry or market, industry trends, challenges, and best practices., Industry Knowledge - Understanding of the specific industry or market, industry trends, challenges, and best practices., Understanding of how to handle large volumes of data. - Handelling large data volumes",Yes,,Software Engineer,100.0,True,confirmed,16.0,21-12-2026
PIPE_0282,5,20-05-2026,31-08-2026,,Bronze,Philips,,31-08-2026,Yes,,Deal Won ,,High,Not Resourced,P,12.5,,Yes,,Principal,12.5,True,confirmed,16.0,21-12-2026
PIPE_0283,5,20-05-2026,31-08-2026,,Bronze,,,31-08-2026,,,,,High,Not Resourced,M,12.5,,Yes,,Manager,12.5,True,confirmed,16.0,21-12-2026
PIPE_0284,5,20-05-2026,31-08-2026,,Bronze,,,31-08-2026,,8,,,High,Not Resourced,Snr Sol Con,50,"SQL Proficiency-Ability to write complex queries and optimize them for performance., Understanding of how to handle large volumes of data. - Handelling large data volumes, Project Management - Skills in planning, executing, and managing projects to meet deadlines and manage resources effectively.",Yes,,Senior Solution Consultant,50.0,True,confirmed,8.0,26-10-2026
PIPE_0285,5,20-05-2026,31-08-2026,,Bronze,,,31-08-2026,,,,,High,Not Resourced,Enabler,100,"GraphQL, Package Management (npm/pnpm), Iterative development & incremental delivery",Yes,,Solutions Enabler,100.0,True,confirmed,16.0,21-12-2026
PIPE_0286,5,20-05-2026,31-08-2026,,Bronze,,,31-08-2026,,,,,High,Not Resourced,SSE,100,"Tailwind, Docker, Microsoft Azure (VM, Functions, SQL)",Yes,,Senior Software Engineer,100.0,True,confirmed,16.0,21-12-2026
PIPE_0287,3,23-05-2026,08-06-2026,New Request,Bronze,Axis,,07-09-2026,No,4,SOW Pending Signature,Data Advisory,Low,Not Resourced,P,12.5,,No,,Principal,12.5,False,speculative,4.0,05-10-2026
PIPE_0288,3,23-05-2026,08-06-2026,,Bronze,,,07-09-2026,,,,,Low,Not Resourced,SC,50,,No,,Solution Consultant,50.0,False,speculative,16.0,28-12-2026
PIPE_0289,3,23-05-2026,08-06-2026,,Bronze,,,07-09-2026,,,,,Low,Not Resourced,AC,100,,No,,Associate Consultant,100.0,False,speculative,16.0,28-12-2026
PIPE_0290,3,23-05-2026,08-06-2026,,Bronze,,,07-09-2026,,,,,Low,Not Resourced,PA,25,,No,,Associate Partner,25.0,False,speculative,16.0,28-12-2026
PIPE_0291,3,23-05-2026,08-06-2026,,Bronze,,,07-09-2026,,,,,Low,Not Resourced,Sol Con,100,"Logging & alerting, Multi-job execution control, JSON / API extraction",No,Check Ajeeth's leave to make sure this will work,Solution Consultant,100.0,False,speculative,16.0,28-12-2026
PIPE_0292,3,23-05-2026,08-06-2026,,Bronze,,,07-09-2026,,,,,Low,Not Resourced,SSE,100,"Branching, OAuth 2.0, Express.JS",No,,Senior Software Engineer,100.0,False,speculative,16.0,28-12-2026
PIPE_0293,3,23-05-2026,08-06-2026,,Bronze,,,07-09-2026,,,,,Low,Not Resourced,SSE,100,"SCD basics, Playwright & Selenium, Scrapy",No,,Senior Software Engineer,100.0,False,speculative,16.0,28-12-2026
